{"cameraMode":{"drawMode":0,"name":"Shaded","section":"Shading Mode"},"sceneLighting":true,"audioPlay":false,"sceneViewState":{"m_AlwaysRefresh":false,"showFog":true,"showSkybox":true,"showFlares":true,"showImageEffects":true,"showParticleSystems":true,"showVisualEffectGraphs":true,"m_FxEnabled":true},"in2DMode":false,"pivot":{"x":1.5918493270874024,"y":3.3953628540039064,"z":-2.1069774627685549},"rotation":{"x":0.19300787150859834,"y":0.40146785974502566,"z":-0.08696123212575913,"w":0.8910669088363648},"size":5.571279525756836,"orthographic":false}